{
    "total_runtime": 1423.0661017894745,
    "num_documents": 9,
    "input_load_time": 0,
    "workflows": {
        "create_base_text_units": {
            "overall": 0.5753962993621826
        },
        "create_final_documents": {
            "overall": 0.03187441825866699
        },
        "extract_graph": {
            "overall": 981.9002411365509
        },
        "compute_communities": {
            "overall": 6.803809881210327
        },
        "create_final_entities": {
            "overall": 0.028606653213500977
        },
        "create_final_relationships": {
            "overall": 0.033585548400878906
        },
        "create_final_nodes": {
            "overall": 0.04404592514038086
        },
        "create_final_communities": {
            "overall": 0.0642850399017334
        },
        "create_final_text_units": {
            "overall": 0.054595232009887695
        },
        "create_final_community_reports": {
            "overall": 241.243066072464
        },
        "generate_text_embeddings": {
            "overall": 192.1918704509735
        }
    }
}