{
    "total_runtime": 1501.719081878662,
    "num_documents": 9,
    "input_load_time": 0,
    "workflows": {
        "create_base_text_units": {
            "overall": 0.6014425754547119
        },
        "create_final_documents": {
            "overall": 0.03818154335021973
        },
        "extract_graph": {
            "overall": 946.588338136673
        },
        "compute_communities": {
            "overall": 6.520427942276001
        },
        "create_final_entities": {
            "overall": 0.03303670883178711
        },
        "create_final_relationships": {
            "overall": 0.037293195724487305
        },
        "create_final_nodes": {
            "overall": 0.052257537841796875
        },
        "create_final_communities": {
            "overall": 0.07031989097595215
        },
        "create_final_text_units": {
            "overall": 0.0585479736328125
        },
        "create_final_community_reports": {
            "overall": 337.79048895835876
        },
        "generate_text_embeddings": {
            "overall": 209.82300090789795
        }
    }
}